"Model","Converged","Hessian_Positive","Max_Gradient","Convergence_Level","Reason"
"Q_10_127_Diag",TRUE,TRUE,NA,2.65915e-05,"Unknown"
"Q_10_128_PICTCPUE",TRUE,TRUE,NA,0.000190418,"Unknown"
"Q_10_129_EUCPUE",TRUE,TRUE,NA,0.000129154,"Unknown"
"Q_10_130_Move1",TRUE,TRUE,NA,2.72664e-05,"Unknown"
"Q_10_131_Move2",TRUE,TRUE,NA,1.93808e-05,"Unknown"
"Q_10_132_RecProp1",TRUE,TRUE,NA,4.81962e-05,"Unknown"
"Q_10_133_M2",TRUE,TRUE,NA,0.000757039,"Unknown"
"Q_10_134_FixGrowth",TRUE,TRUE,NA,3.49761e-05,"Unknown"
"Q_10_135_h7",TRUE,TRUE,NA,4.45892e-05,"Unknown"
"Q_10_136_h9",TRUE,TRUE,NA,9.51614e-05,"Unknown"
"Q_10_137_DblWt",TRUE,TRUE,NA,0.000351441,"Unknown"
"Q_10_138_HlvWt",TRUE,TRUE,NA,0.000507233,"Unknown"
"Q_10_139_DblLen",TRUE,TRUE,NA,2.8432e-05,"Unknown"
"Q_10_140_HlvLen",TRUE,TRUE,NA,5.57846e-05,"Unknown"
"Q_11_141_No2N",TRUE,TRUE,NA,8.7235e-05,"Unknown"
